{
  "loss": [
    0.8179200887680054,
    0.7881695628166199,
    0.7672759294509888,
    0.7472972273826599,
    0.7275355458259583,
    0.7076529264450073,
    0.6871286034584045,
    0.6662859320640564,
    0.6456244587898254,
    0.6255404353141785,
    0.6062330007553101,
    0.5879019498825073,
    0.5698805451393127,
    0.5529075860977173,
    0.5373300909996033,
    0.5220859050750732,
    0.5082637071609497,
    0.49478140473365784,
    0.4821018874645233,
    0.4703960716724396,
    0.45921581983566284,
    0.44873228669166565,
    0.39126595854759216,
    0.36567339301109314,
    0.3524392545223236,
    0.3423883616924286,
    0.3344886898994446,
    0.32419776916503906,
    0.3171573281288147,
    0.31352800130844116,
    0.31048673391342163,
    0.308383584022522,
    0.3068276047706604,
    0.30575859546661377,
    0.30523040890693665
  ],
  "mae": [
    0.8337209224700928,
    0.807103157043457,
    0.7875173091888428,
    0.7687685489654541,
    0.7499389052391052,
    0.730969250202179,
    0.711164653301239,
    0.6910901069641113,
    0.6708220839500427,
    0.6510128378868103,
    0.6322606205940247,
    0.6139569878578186,
    0.5960587859153748,
    0.579338788986206,
    0.5637068152427673,
    0.5486159324645996,
    0.5349966883659363,
    0.5215627551078796,
    0.5089111924171448,
    0.49733766913414,
    0.48613861203193665,
    0.4759354293346405,
    0.4220181703567505,
    0.3959435820579529,
    0.382834792137146,
    0.37245431542396545,
    0.36443305015563965,
    0.3546971380710602,
    0.34690943360328674,
    0.3430682420730591,
    0.3396693468093872,
    0.33753451704978943,
    0.3359980285167694,
    0.33488112688064575,
    0.33431535959243774
  ],
  "mse": [
    0.8179190158843994,
    0.7881680727005005,
    0.7672747373580933,
    0.7472973465919495,
    0.7275362610816956,
    0.7076486945152283,
    0.6871232986450195,
    0.666282057762146,
    0.6456177234649658,
    0.6255433559417725,
    0.6062272191047668,
    0.5878991484642029,
    0.569878339767456,
    0.5529058575630188,
    0.5373297929763794,
    0.5220842361450195,
    0.508266270160675,
    0.4947842061519623,
    0.48210176825523376,
    0.4703984558582306,
    0.45922043919563293,
    0.44873616099357605,
    0.3912702202796936,
    0.3656783401966095,
    0.3524456322193146,
    0.34239017963409424,
    0.33449438214302063,
    0.3242030441761017,
    0.3171623945236206,
    0.3135318458080292,
    0.31048867106437683,
    0.30838724970817566,
    0.3068320155143738,
    0.30576109886169434,
    0.3052355647087097
  ],
  "val_loss": [
    0.8030715584754944,
    0.7875139117240906,
    0.7769671678543091,
    0.7653900980949402,
    0.7545497417449951,
    0.7446017265319824,
    0.735604465007782,
    0.7285499572753906,
    0.7288740873336792,
    0.7170212268829346,
    0.7144750952720642,
    0.7317214608192444,
    0.7071396708488464,
    0.7040796279907227,
    0.6962336897850037,
    0.694547712802887,
    0.6986428499221802,
    0.6880643367767334,
    0.6939640045166016,
    0.6983520984649658,
    0.6992101669311523,
    0.6902115345001221,
    0.6833452582359314,
    0.6852993965148926,
    0.6865250468254089,
    0.6924424767494202,
    0.6943907737731934,
    0.6971935033798218,
    0.6993822455406189,
    0.7008516192436218,
    0.7024068832397461,
    0.7033311724662781,
    0.7023666501045227,
    0.70269775390625,
    0.7033073306083679
  ],
  "val_mae": [
    0.81965172290802,
    0.8194881677627563,
    0.8005641102790833,
    0.8008713722229004,
    0.7961440086364746,
    0.7751575112342834,
    0.7739485502243042,
    0.7589818835258484,
    0.7692095637321472,
    0.7444764971733093,
    0.7327128052711487,
    0.7269636392593384,
    0.7156985402107239,
    0.7101492881774902,
    0.70600426197052,
    0.7134596109390259,
    0.7034616470336914,
    0.6919795870780945,
    0.6857432126998901,
    0.6858260035514832,
    0.6674900054931641,
    0.664980947971344,
    0.6420273184776306,
    0.6387611031532288,
    0.6388533711433411,
    0.6334645748138428,
    0.6337271928787231,
    0.6249943971633911,
    0.6229833960533142,
    0.6230036616325378,
    0.6228129863739014,
    0.6187570691108704,
    0.6189228892326355,
    0.6187545657157898,
    0.618651270866394
  ],
  "val_mse": [
    0.8030480742454529,
    0.7875049114227295,
    0.7769562602043152,
    0.7654032707214355,
    0.7545437216758728,
    0.7446103692054749,
    0.73561692237854,
    0.7285602688789368,
    0.728857696056366,
    0.7170284390449524,
    0.714459240436554,
    0.7317258715629578,
    0.7071340084075928,
    0.7040796279907227,
    0.6962253451347351,
    0.6945428252220154,
    0.6986433863639832,
    0.6880602240562439,
    0.6939523220062256,
    0.6983562111854553,
    0.699215829372406,
    0.690211832523346,
    0.6833460330963135,
    0.6853199005126953,
    0.6865294575691223,
    0.6924379467964172,
    0.6943855285644531,
    0.6971796751022339,
    0.6993803381919861,
    0.7008497714996338,
    0.7023988962173462,
    0.7033461332321167,
    0.7023677229881287,
    0.7026856541633606,
    0.7033184766769409
  ],
  "lr": [
    