{
  "loss": [
    0.6193259954452515,
    0.6452183723449707,
    0.676583468914032,
    0.6909793615341187,
    0.7013172507286072,
    0.7000090479850769,
    0.6961367130279541,
    0.685483992099762,
    0.6603249311447144,
    0.6183558106422424,
    0.6473168730735779,
    0.5956465005874634,
    0.5611001253128052,
    0.532683789730072,
    0.5753419995307922,
    0.5582907795906067,
    0.5486438274383545,
    0.5401986241340637
  ],
  "mae": [
    0.6400256156921387,
    0.665523886680603,
    0.6971030831336975,
    0.7114131450653076,
    0.7219589948654175,
    0.7205936908721924,
    0.7165976166725159,
    0.7060672044754028,
    0.6813603043556213,
    0.6402963995933533,
    0.6718398928642273,
    0.6216241717338562,
    0.5874715447425842,
    0.5593299269676208,
    0.6028539538383484,
    0.5863177180290222,
    0.5765579342842102,
    0.568023681640625
  ],
  "mse": [
    0.6193228960037231,
    0.6452171206474304,
    0.6765803694725037,
    0.6909728050231934,
    0.7013142108917236,
    0.7000083327293396,
    0.6961305141448975,
    0.6854797601699829,
    0.6603238582611084,
    0.6183578372001648,
    0.6473140716552734,
    0.595645010471344,
    0.561100423336029,
    0.5326839089393616,
    0.5753408074378967,
    0.5582901835441589,
    0.5486460328102112,
    0.5401976108551025
  ],
  "val_loss": [
    1.1089880466461182,
    1.0851290225982666,
    1.0549800395965576,
    1.0919817686080933,
    1.0306023359298706,
    0.9831299185752869,
    1.0125008821487427,
    1.0129352807998657,
    1.1023447513580322,
    1.0916794538497925,
    1.056908369064331,
    1.0651055574417114,
    1.0907387733459473,
    1.1008867025375366,
    1.0498844385147095,
    1.0503292083740234,
    1.0535047054290771,
    1.0602701902389526
  ],
  "val_mae": [
    0.8620178699493408,
    0.8606111407279968,
    0.8464916944503784,
    0.8397243022918701,
    0.8329114317893982,
    0.8218399286270142,
    0.8246315121650696,
    0.8212293982505798,
    0.8275572657585144,
    0.8292485475540161,
    0.8252649307250977,
    0.8270647525787354,
    0.8286130428314209,
    0.8304861783981323,
    0.824574887752533,
    0.8243445158004761,
    0.8247272372245789,
    0.825225293636322
  ],
  "val_mse": [
    1.1089924573898315,
    1.085120439529419,
    1.054975986480713,
    1.0919833183288574,
    1.0305882692337036,
    0.9831297993659973,
    1.0124913454055786,
    1.0129145383834839,
    1.1023520231246948,
    1.0916926860809326,
    1.0569223165512085,
    1.0651053190231323,
    1.09074866771698,
    1.1008663177490234,
    1.049879789352417,
    1.0503226518630981,
    1.0535058975219727,
    1.0602692365646362
  ],
  "lr": [
    